Task ID,Task Name,Task Object Name,Task Type,Task Run ID,Project Name,Folder Name,Org ID,Environment ID,Environment,Cores Used,Start Time,End Time,Status,Metered Value,Audit Time,OBM Task Time(s)
000QML0Z0000000001J9,VGN_CRM_URI_Mapping,null,MTT_TEST,1,vihasitha_test,,80bTjaasFejbEkQynNFnyT,3wtAMqArHpjdihnAbf7tiM,vg_windows_local,1.48868598650258,2024-04-04 18:08:13.0,2024-04-04 18:11:04.0,SUCCESS,0.0475,2024-04-04 18:11:35.0,0
000QML0Z0000000001J9,VGN_CRM_URI_Mapping,null,MTT_TEST,2,vihasitha_test,,80bTjaasFejbEkQynNFnyT,3wtAMqArHpjdihnAbf7tiM,vg_windows_local,1.383088527193331,2024-04-04 18:20:23.0,2024-04-04 18:23:09.0,ERROR,0.046111,2024-04-04 19:11:34.0,0
000QML170000000001EJ,Mapping_flat_file,null,MTT_DP,1,ppenthoi,,80bTjaasFejbEkQynNFnyT,0Gv5s5lKGlEgO8WUuDsX2Y,INWPF3M1V35-AAD,0.0,2024-04-05 06:34:10.0,2024-04-05 06:34:28.0,SUCCESS,0.005,2024-04-05 07:11:27.0,0
000QML0Z0000000001JA,Mapping_flat_file,null,MTT_TEST,1,ppenthoi,,80bTjaasFejbEkQynNFnyT,0Gv5s5lKGlEgO8WUuDsX2Y,INWPF3M1V35-AAD,0.0,2024-04-05 06:55:40.0,2024-04-05 06:55:58.0,SUCCESS,0.005,2024-04-05 07:11:27.0,0
000QML0Z0000000001JC,Map_Flat_File_Source_To_Target,null,MTT_TEST,1,ppenthoi,,80bTjaasFejbEkQynNFnyT,0Gv5s5lKGlEgO8WUuDsX2Y,INWPF3M1V35-AAD,0.0,2024-04-05 10:05:49.0,2024-04-05 10:06:07.0,SUCCESS,0.005,2024-04-05 10:11:29.0,0
000QML0Z0000000001JC,Map_Flat_File_Source_To_Target,null,MTT_TEST,2,ppenthoi,,80bTjaasFejbEkQynNFnyT,0Gv5s5lKGlEgO8WUuDsX2Y,INWPF3M1V35-AAD,0.0,2024-04-05 10:08:39.0,2024-04-05 10:08:57.0,ERROR,0.005,2024-04-05 10:11:29.0,0
000QML0Z0000000001JB,MappingTaskPrabhu2,null,MTT,1,ppenthoi,,80bTjaasFejbEkQynNFnyT,0Gv5s5lKGlEgO8WUuDsX2Y,INWPF3M1V35-AAD,0.0,2024-04-05 09:23:08.0,2024-04-05 09:23:25.0,SUCCESS,0.004722,2024-04-05 10:11:29.0,0
000QML0Z0000000001JC,Map_Flat_File_Source_To_Target,null,MTT_TEST,3,ppenthoi,,80bTjaasFejbEkQynNFnyT,0Gv5s5lKGlEgO8WUuDsX2Y,INWPF3M1V35-AAD,0.0,2024-04-05 10:09:36.0,2024-04-05 10:10:20.0,SUCCESS,0.012222,2024-04-05 10:11:29.0,0
000QML170000000001EK,Mapping119,null,MTT_DP,1,ppenthoi,,80bTjaasFejbEkQynNFnyT,0Gv5s5lKGlEgO8WUuDsX2Y,INWPF3M1V35-AAD,0.0,2024-04-05 09:43:31.0,2024-04-05 09:43:48.0,SUCCESS,0.004722,2024-04-05 10:11:29.0,0
000QML0Z0000000001JD,VGN_MSDCRM_customerEntity_Mapping129,null,MTT_TEST,4,vihasitha_test,,80bTjaasFejbEkQynNFnyT,3wtAMqArHpjdihnAbf7tiM,vg_windows_local,0.0,2024-04-05 10:47:27.0,2024-04-05 10:49:46.0,SUCCESS,0.038611,2024-04-05 11:11:33.0,0
000QML0Z0000000001JD,VGN_MSDCRM_customerEntity_Mapping129,null,MTT_TEST,2,vihasitha_test,,80bTjaasFejbEkQynNFnyT,3wtAMqArHpjdihnAbf7tiM,vg_windows_local,0.568604191379992,2024-04-05 10:34:48.0,2024-04-05 10:37:17.0,WARNING,0.041389,2024-04-05 11:11:33.0,0
000QML0Z0000000001JD,VGN_MSDCRM_customerEntity_Mapping129,null,MTT_TEST,1,vihasitha_test,,80bTjaasFejbEkQynNFnyT,3wtAMqArHpjdihnAbf7tiM,vg_windows_local,0.726838966202783,2024-04-05 10:30:38.0,2024-04-05 10:33:18.0,SUCCESS,0.044444,2024-04-05 11:11:33.0,0
000QML0Z0000000001JD,VGN_MSDCRM_customerEntity_Mapping129,null,MTT_TEST,3,vihasitha_test,,80bTjaasFejbEkQynNFnyT,3wtAMqArHpjdihnAbf7tiM,vg_windows_local,0.0,2024-04-05 10:44:04.0,2024-04-05 10:46:32.0,SUCCESS,0.041111,2024-04-05 11:11:33.0,0
000QML0Z0000000001JD,VGN_MSDCRM_customerEntity_Mapping129,null,MTT_TEST,5,vihasitha_test,,80bTjaasFejbEkQynNFnyT,3wtAMqArHpjdihnAbf7tiM,vg_windows_local,0.777249306381292,2024-04-08 15:43:22.0,2024-04-08 15:45:52.0,WARNING,0.041667,2024-04-08 16:11:43.0,0
000QML0Z0000000001JF,Mapping119,null,MTT_TEST,1,vihasitha_test,,80bTjaasFejbEkQynNFnyT,3wtAMqArHpjdihnAbf7tiM,vg_windows_local,0.890566037735849,2024-04-08 16:06:04.0,2024-04-08 16:08:52.0,SUCCESS,0.046667,2024-04-08 16:11:43.0,0
000QML0Z0000000001JE,VGN_CRM_customerentity_MappingTask12,null,MTT,1,vihasitha_test,,80bTjaasFejbEkQynNFnyT,3wtAMqArHpjdihnAbf7tiM,vg_windows_local,0.0,2024-04-08 15:21:33.0,2024-04-08 15:23:49.0,SUCCESS,0.037778,2024-04-08 16:11:43.0,0
000QML0Z0000000001JE,VGN_CRM_customerentity_MappingTask12,null,MTT,2,vihasitha_test,,80bTjaasFejbEkQynNFnyT,3wtAMqArHpjdihnAbf7tiM,vg_windows_local,0.876840429765221,2024-04-08 15:32:01.0,2024-04-08 15:34:07.0,WARNING,0.035,2024-04-08 16:11:43.0,0
000QML0Z0000000001JC,Map_Flat_File_Source_To_Target,null,MTT_TEST,4,ppenthoi,,80bTjaasFejbEkQynNFnyT,0Gv5s5lKGlEgO8WUuDsX2Y,INWPF3M1V35-AAD,0.0,2024-04-10 05:41:47.0,2024-04-10 05:42:07.0,SUCCESS,0.005556,2024-04-10 06:11:33.0,0
000QML0Z0000000001JC,Map_Flat_File_Source_To_Target,null,MTT_TEST,5,ppenthoi,,80bTjaasFejbEkQynNFnyT,0Gv5s5lKGlEgO8WUuDsX2Y,INWPF3M1V35-AAD,0.0,2024-04-10 06:17:25.0,2024-04-10 06:17:44.0,SUCCESS,0.005278,2024-04-10 07:11:29.0,0
000QML170000000001ER,Mapping129,null,MTT_DP,1,ppenthoi,,80bTjaasFejbEkQynNFnyT,0Gv5s5lKGlEgO8WUuDsX2Y,INWPF3M1V35-AAD,0.0,2024-04-10 08:52:22.0,2024-04-10 08:52:38.0,SUCCESS,0.004444,2024-04-10 09:11:29.0,0
000QML0Z0000000001JH,Mapping129,null,MTT_TEST,1,ppenthoi,,80bTjaasFejbEkQynNFnyT,0Gv5s5lKGlEgO8WUuDsX2Y,INWPF3M1V35-AAD,0.0,2024-04-10 08:52:59.0,2024-04-10 08:53:19.0,SUCCESS,0.005556,2024-04-10 09:11:29.0,0
000QML0Z0000000001JJ,prabhuPDOTesting,null,MTT,1,ppenthoi,,80bTjaasFejbEkQynNFnyT,0Gv5s5lKGlEgO8WUuDsX2Y,INWPF3M1V35-AAD,0.0,2024-04-10 09:09:21.0,2024-04-10 09:09:40.0,SUCCESS,0.005278,2024-04-10 09:11:29.0,0
000QML0Z0000000001JJ,prabhuPDOTesting,null,MTT,3,ppenthoi,,80bTjaasFejbEkQynNFnyT,0Gv5s5lKGlEgO8WUuDsX2Y,INWPF3M1V35-AAD,0.0,2024-04-10 09:49:00.0,2024-04-10 09:49:19.0,SUCCESS,0.005278,2024-04-10 10:11:27.0,0
000QML0Z0000000001JJ,prabhuPDOTesting,null,MTT,4,ppenthoi,,80bTjaasFejbEkQynNFnyT,0Gv5s5lKGlEgO8WUuDsX2Y,INWPF3M1V35-AAD,0.0,2024-04-10 09:50:29.0,2024-04-10 09:50:48.0,SUCCESS,0.005278,2024-04-10 10:11:27.0,0
000QML0Z0000000001JD,VGN_MSDCRM_customerEntity_Mapping129,null,MTT_TEST,6,vihasitha_test,,80bTjaasFejbEkQynNFnyT,3wtAMqArHpjdihnAbf7tiM,vg_windows_local,1.571569986141358,2024-04-10 09:24:15.0,2024-04-10 09:28:01.0,WARNING,0.062778,2024-04-10 10:11:27.0,0
000QML0Z0000000001JC,Map_Flat_File_Source_To_Target,null,MTT_TEST,6,ppenthoi,,80bTjaasFejbEkQynNFnyT,0Gv5s5lKGlEgO8WUuDsX2Y,INWPF3M1V35-AAD,0.0,2024-04-10 10:18:04.0,2024-04-10 10:18:26.0,SUCCESS,0.006111,2024-04-10 11:11:39.0,0
000QML0Z0000000001JK,Mapping130,null,MTT_TEST,1,vihasitha_test,,80bTjaasFejbEkQynNFnyT,1QO6mK4AcQFdVOzuNNpsEH,vg-linux-vm.informatica.com,0.76953827703378,2024-04-11 14:32:40.0,2024-04-11 15:46:25.0,ERROR,1.229167,2024-04-11 16:11:35.0,0
000QML0Z0000000001JJ,prabhuPDOTesting,null,MTT,5,ppenthoi,,80bTjaasFejbEkQynNFnyT,0Gv5s5lKGlEgO8WUuDsX2Y,INWPF3M1V35-AAD,0.0,2024-04-15 06:01:40.0,2024-04-15 06:01:50.0,SUCCESS,0.002778,2024-04-15 06:11:25.0,0
000QML0Z0000000001JD,VGN_MSDCRM_customerEntity_Mapping129,null,MTT_TEST,8,vihasitha_test,,80bTjaasFejbEkQynNFnyT,3wtAMqArHpjdihnAbf7tiM,vg_windows_local,0.539767120584172,2024-04-16 05:40:37.0,2024-04-16 05:43:18.0,WARNING,0.044722,2024-04-16 06:11:23.0,0
000QML0I00000000005U,Synchronization Task for Flat_File Mapping,Modified_Empleoyee.csv,DSS,2,ppenthoi,,80bTjaasFejbEkQynNFnyT,0Gv5s5lKGlEgO8WUuDsX2Y,INWPF3M1V35-AAD,0.0,2024-04-16 06:01:37.0,2024-04-16 06:01:45.0,SUCCESS,0.002222,2024-04-16 06:11:23.0,0
000QML0Z0000000001JD,VGN_MSDCRM_customerEntity_Mapping129,null,MTT_TEST,9,vihasitha_test,,80bTjaasFejbEkQynNFnyT,3wtAMqArHpjdihnAbf7tiM,vg_windows_local,0.92918241495922,2024-04-16 05:45:16.0,2024-04-16 05:48:24.0,WARNING,0.052222,2024-04-16 06:11:23.0,0
000QML0I00000000005U,Synchronization Task for Flat_File Mapping,Modified_Empleoyee.csv,DSS,1,ppenthoi,,80bTjaasFejbEkQynNFnyT,0Gv5s5lKGlEgO8WUuDsX2Y,INWPF3M1V35-AAD,0.0,2024-04-16 05:49:12.0,2024-04-16 05:49:22.0,SUCCESS,0.002778,2024-04-16 06:11:23.0,0
000QML0Z0000000001JD,VGN_MSDCRM_customerEntity_Mapping129,null,MTT_TEST,7,vihasitha_test,,80bTjaasFejbEkQynNFnyT,3wtAMqArHpjdihnAbf7tiM,vg_windows_local,0.388395500296033,2024-04-16 05:28:15.0,2024-04-16 05:31:29.0,WARNING,0.053889,2024-04-16 06:11:23.0,0
000QML0Z0000000001JD,VGN_MSDCRM_customerEntity_Mapping129,null,MTT_TEST,10,vihasitha_test,,80bTjaasFejbEkQynNFnyT,3wtAMqArHpjdihnAbf7tiM,vg_windows_local,0.541815299246928,2024-04-16 05:57:59.0,2024-04-16 06:01:08.0,SUCCESS,0.0525,2024-04-16 06:11:23.0,0
000QML49000000000006,Data Transfer Task1,null,DTT,1,ppenthoi,,80bTjaasFejbEkQynNFnyT,0Gv5s5lKGlEgO8WUuDsX2Y,INWPF3M1V35-AAD,0.0,2024-04-16 07:10:43.0,2024-04-16 07:10:59.0,SUCCESS,0.004444,2024-04-16 07:11:32.0,0
000QML0Z0000000001JD,VGN_MSDCRM_customerEntity_Mapping129,null,MTT_TEST,11,vihasitha_test,,80bTjaasFejbEkQynNFnyT,3wtAMqArHpjdihnAbf7tiM,vg_windows_local,1.269161855464862,2024-04-16 06:43:29.0,2024-04-16 06:47:18.0,WARNING,0.063611,2024-04-16 07:11:32.0,0
000QML49000000000006,Data Transfer Task1,null,DTT,3,ppenthoi,,80bTjaasFejbEkQynNFnyT,0Gv5s5lKGlEgO8WUuDsX2Y,INWPF3M1V35-AAD,0.0,2024-04-16 07:13:56.0,2024-04-16 07:14:15.0,SUCCESS,0.005278,2024-04-16 08:11:23.0,0
000QML49000000000006,Data Transfer Task1,null,DTT,2,ppenthoi,,80bTjaasFejbEkQynNFnyT,0Gv5s5lKGlEgO8WUuDsX2Y,INWPF3M1V35-AAD,0.0,2024-04-16 07:11:55.0,2024-04-16 07:12:13.0,SUCCESS,0.005,2024-04-16 08:11:23.0,0
000QML0Z0000000001JL,Wrapper_Rank_Mapping,null,MTT,1,ppenthoi,,80bTjaasFejbEkQynNFnyT,0Gv5s5lKGlEgO8WUuDsX2Y,INWPF3M1V35-AAD,0.0,2024-04-17 09:51:33.0,2024-04-17 09:52:26.0,SUCCESS,0.014722,2024-04-17 10:11:24.0,0
000QML0Z0000000001JM,Task_Sorter,null,MTT,1,ppenthoi,,80bTjaasFejbEkQynNFnyT,0Gv5s5lKGlEgO8WUuDsX2Y,INWPF3M1V35-AAD,0.0,2024-04-17 10:24:55.0,2024-04-17 10:25:19.0,SUCCESS,0.006667,2024-04-17 11:11:44.0,0
000QML0Z0000000001JN,Mapping_Task_Flat_File_to_SQLDB,null,MTT,2,ppenthoi,,80bTjaasFejbEkQynNFnyT,0Gv5s5lKGlEgO8WUuDsX2Y,INWPF3M1V35-AAD,0.0,2024-04-18 09:51:58.0,2024-04-18 09:52:22.0,SUCCESS,0.006667,2024-04-18 10:11:36.0,0
000QML0Z0000000001JN,Mapping_Task_Flat_File_to_SQLDB,null,MTT,5,ppenthoi,,80bTjaasFejbEkQynNFnyT,0Gv5s5lKGlEgO8WUuDsX2Y,INWPF3M1V35-AAD,0.0,2024-04-18 10:03:43.0,2024-04-18 10:04:02.0,ERROR,0.005278,2024-04-18 10:11:36.0,0
000QML0Z0000000001JN,Mapping_Task_Flat_File_to_SQLDB,null,MTT,6,ppenthoi,,80bTjaasFejbEkQynNFnyT,0Gv5s5lKGlEgO8WUuDsX2Y,INWPF3M1V35-AAD,0.0,2024-04-18 10:05:22.0,2024-04-18 10:05:42.0,SUCCESS,0.005556,2024-04-18 10:11:36.0,0
000QML0Z0000000001JN,Mapping_Task_Flat_File_to_SQLDB,null,MTT,3,ppenthoi,,80bTjaasFejbEkQynNFnyT,0Gv5s5lKGlEgO8WUuDsX2Y,INWPF3M1V35-AAD,0.0,2024-04-18 10:00:56.0,2024-04-18 10:01:13.0,WARNING,0.004722,2024-04-18 10:11:36.0,0
000QML0Z0000000001JN,Mapping_Task_Flat_File_to_SQLDB,null,MTT,1,ppenthoi,,80bTjaasFejbEkQynNFnyT,0Gv5s5lKGlEgO8WUuDsX2Y,INWPF3M1V35-AAD,0.0,2024-04-18 09:43:41.0,2024-04-18 09:44:12.0,SUCCESS,0.008611,2024-04-18 10:11:36.0,0
000QML0Z0000000001JN,Mapping_Task_Flat_File_to_SQLDB,null,MTT,7,ppenthoi,,80bTjaasFejbEkQynNFnyT,0Gv5s5lKGlEgO8WUuDsX2Y,INWPF3M1V35-AAD,0.0,2024-04-18 11:04:41.0,2024-04-18 11:04:59.0,SUCCESS,0.005,2024-04-18 11:11:25.0,0
000QML0G000000000013,Replication SQL to ORACLE,Employee,DRS,1,ppenthoi,,80bTjaasFejbEkQynNFnyT,0Gv5s5lKGlEgO8WUuDsX2Y,INWPF3M1V35-AAD,0.0,2024-04-18 13:25:27.0,2024-04-18 13:25:36.0,SUCCESS,0.001,2024-04-18 14:11:33.0,0
000QML0G000000000013,Replication SQL to ORACLE,Products,DRS,1,ppenthoi,,80bTjaasFejbEkQynNFnyT,0Gv5s5lKGlEgO8WUuDsX2Y,INWPF3M1V35-AAD,0.0,2024-04-18 13:25:36.0,2024-04-18 13:25:44.0,SUCCESS,8.89E-4,2024-04-18 14:11:33.0,0
000QML0Z0000000001JO,Mapping_Flat_File_to_SQL,null,MTT_TEST,1,ppenthoi,,80bTjaasFejbEkQynNFnyT,0Gv5s5lKGlEgO8WUuDsX2Y,INWPF3M1V35-AAD,0.0,2024-04-19 05:51:20.0,2024-04-19 05:51:42.0,SUCCESS,0.006111,2024-04-19 06:11:31.0,0
000QML0Z0000000001JP,MappingTask14,null,MTT,1,ppenthoi,,80bTjaasFejbEkQynNFnyT,0Gv5s5lKGlEgO8WUuDsX2Y,INWPF3M1V35-AAD,0.0,2024-04-19 05:54:15.0,2024-04-19 05:54:39.0,SUCCESS,0.006667,2024-04-19 06:11:31.0,0
000QML0Z0000000001JQ,Mapping132,null,MTT_TEST,1,vihasitha_test,,80bTjaasFejbEkQynNFnyT,3wtAMqArHpjdihnAbf7tiM,vg_windows_local,1.146085232903865,2024-04-19 06:50:31.0,2024-04-19 06:52:50.0,SUCCESS,0.038611,2024-04-19 07:11:46.0,0
000QML0Z0000000001JR,VGN_CRMREAD_MappingTask12,null,MTT,1,vihasitha_test,,80bTjaasFejbEkQynNFnyT,3wtAMqArHpjdihnAbf7tiM,vg_windows_local,1.670368901229671,2024-04-19 06:59:57.0,2024-04-19 07:02:42.0,SUCCESS,0.045833,2024-04-19 07:11:46.0,0
000QML0Z0000000001IQ,VGN_MSDCRM_Write_Mapping74_test,null,MTT_TEST,27,vihasitha_test,,80bTjaasFejbEkQynNFnyT,3wtAMqArHpjdihnAbf7tiM,vg_windows_local,1.493653312177707,2024-04-19 07:22:50.0,2024-04-19 07:27:42.0,SUCCESS,0.081111,2024-04-19 08:11:20.0,0
000QML0Z0000000001JR,VGN_CRMREAD_MappingTask12,null,MTT,2,vihasitha_test,,80bTjaasFejbEkQynNFnyT,3wtAMqArHpjdihnAbf7tiM,vg_windows_local,1.951966791856098,2024-04-19 07:19:06.0,2024-04-19 07:24:34.0,SUCCESS,0.091111,2024-04-19 08:11:20.0,0
000QML0Z0000000001IQ,VGN_MSDCRM_Write_Mapping74_test,null,MTT_TEST,28,vihasitha_test,,80bTjaasFejbEkQynNFnyT,3wtAMqArHpjdihnAbf7tiM,vg_windows_local,1.093378271213323,2024-04-19 07:31:56.0,2024-04-19 07:34:30.0,WARNING,0.042778,2024-04-19 08:11:20.0,0
000QML0Z0000000001JS,MappingTask_Flat_File_to_Oracle,null,MTT,1,ppenthoi,,80bTjaasFejbEkQynNFnyT,0Gv5s5lKGlEgO8WUuDsX2Y,INWPF3M1V35-AAD,0.0,2024-04-19 09:08:57.0,2024-04-19 09:09:21.0,SUCCESS,0.006667,2024-04-19 09:11:26.0,0
000QML0Z0000000001IQ,VGN_MSDCRM_Write_Mapping74_test,null,MTT_TEST,35,vihasitha_test,,80bTjaasFejbEkQynNFnyT,3wtAMqArHpjdihnAbf7tiM,vg_windows_local,1.480199004975124,2024-04-19 10:52:34.0,2024-04-19 10:57:59.0,WARNING,0.090278,2024-04-19 11:11:31.0,0
000QML0Z0000000001IQ,VGN_MSDCRM_Write_Mapping74_test,null,MTT_TEST,30,vihasitha_test,,80bTjaasFejbEkQynNFnyT,3wtAMqArHpjdihnAbf7tiM,vg_windows_local,1.461249505733492,2024-04-19 10:21:19.0,2024-04-19 10:25:32.0,WARNING,0.070278,2024-04-19 11:11:31.0,0
000QML0Z0000000001IQ,VGN_MSDCRM_Write_Mapping74_test,null,MTT_TEST,31,vihasitha_test,,80bTjaasFejbEkQynNFnyT,3wtAMqArHpjdihnAbf7tiM,vg_windows_local,0.528125621148877,2024-04-19 10:28:20.0,2024-04-19 10:31:05.0,WARNING,0.045833,2024-04-19 11:11:31.0,0
000QML0Z0000000001IQ,VGN_MSDCRM_Write_Mapping74_test,null,MTT_TEST,33,vihasitha_test,,80bTjaasFejbEkQynNFnyT,3wtAMqArHpjdihnAbf7tiM,vg_windows_local,0.657228315054835,2024-04-19 10:41:45.0,2024-04-19 10:45:30.0,WARNING,0.0625,2024-04-19 11:11:31.0,0
000QML0Z0000000001IQ,VGN_MSDCRM_Write_Mapping74_test,null,MTT_TEST,32,vihasitha_test,,80bTjaasFejbEkQynNFnyT,3wtAMqArHpjdihnAbf7tiM,vg_windows_local,0.730875941339675,2024-04-19 10:37:22.0,2024-04-19 10:39:48.0,WARNING,0.040556,2024-04-19 11:11:31.0,0
000QML0Z0000000001IQ,VGN_MSDCRM_Write_Mapping74_test,null,MTT_TEST,29,vihasitha_test,,80bTjaasFejbEkQynNFnyT,3wtAMqArHpjdihnAbf7tiM,vg_windows_local,0.564199245882119,2024-04-19 10:15:30.0,2024-04-19 10:18:14.0,ERROR,0.045556,2024-04-19 11:11:31.0,0
000QML0Z0000000001IQ,VGN_MSDCRM_Write_Mapping74_test,null,MTT_TEST,34,vihasitha_test,,80bTjaasFejbEkQynNFnyT,3wtAMqArHpjdihnAbf7tiM,vg_windows_local,1.359825153983708,2024-04-19 10:45:56.0,2024-04-19 10:50:27.0,WARNING,0.075278,2024-04-19 11:11:31.0,0
000QML0Z0000000001IQ,VGN_MSDCRM_Write_Mapping74_test,null,MTT_TEST,36,vihasitha_test,,80bTjaasFejbEkQynNFnyT,3wtAMqArHpjdihnAbf7tiM,vg_windows_local,1.402173913043478,2024-04-19 11:01:05.0,2024-04-19 11:05:18.0,WARNING,0.070278,2024-04-19 11:11:31.0,0
000QML0Z0000000001IQ,VGN_MSDCRM_Write_Mapping74_test,null,MTT_TEST,38,vihasitha_test,,80bTjaasFejbEkQynNFnyT,3wtAMqArHpjdihnAbf7tiM,vg_windows_local,1.867961934972244,2024-04-22 02:39:46.0,2024-04-22 02:44:36.0,WARNING,0.080556,2024-04-22 03:11:29.0,0
000QML0Z0000000001IQ,VGN_MSDCRM_Write_Mapping74_test,null,MTT_TEST,37,vihasitha_test,,80bTjaasFejbEkQynNFnyT,3wtAMqArHpjdihnAbf7tiM,vg_windows_local,1.583696945656486,2024-04-22 02:30:01.0,2024-04-22 02:34:20.0,WARNING,0.071944,2024-04-22 03:11:29.0,0
000QML0Z0000000001IQ,VGN_MSDCRM_Write_Mapping74_test,null,MTT_TEST,39,vihasitha_test,,80bTjaasFejbEkQynNFnyT,3wtAMqArHpjdihnAbf7tiM,vg_windows_local,0.884233518665608,2024-04-22 03:26:28.0,2024-04-22 03:30:17.0,SUCCESS,0.063611,2024-04-22 04:11:22.0,0
000QML0Z0000000001IQ,VGN_MSDCRM_Write_Mapping74_test,null,MTT_TEST,42,vihasitha_test,,80bTjaasFejbEkQynNFnyT,3wtAMqArHpjdihnAbf7tiM,vg_windows_local,0.941153081510934,2024-04-22 04:53:10.0,2024-04-22 04:55:51.0,WARNING,0.044722,2024-04-22 05:11:16.0,0
000QML0Z0000000001IQ,VGN_MSDCRM_Write_Mapping74_test,null,MTT_TEST,40,vihasitha_test,,80bTjaasFejbEkQynNFnyT,3wtAMqArHpjdihnAbf7tiM,vg_windows_local,0.934825673534073,2024-04-22 04:32:50.0,2024-04-22 04:35:41.0,SUCCESS,0.0475,2024-04-22 05:11:16.0,0
000QML0Z0000000001IQ,VGN_MSDCRM_Write_Mapping74_test,null,MTT_TEST,41,vihasitha_test,,80bTjaasFejbEkQynNFnyT,3wtAMqArHpjdihnAbf7tiM,vg_windows_local,0.0,2024-04-22 04:48:58.0,2024-04-22 04:51:39.0,ERROR,0.044722,2024-04-22 05:11:16.0,0
000QML0Z0000000001IQ,VGN_MSDCRM_Write_Mapping74_test,null,MTT_TEST,43,vihasitha_test,,80bTjaasFejbEkQynNFnyT,3wtAMqArHpjdihnAbf7tiM,vg_windows_local,0.77037773359841,2024-04-22 04:58:04.0,2024-04-22 05:00:47.0,SUCCESS,0.045278,2024-04-22 05:11:16.0,0
000QML0Z0000000001IQ,VGN_MSDCRM_Write_Mapping74_test,null,MTT_TEST,45,vihasitha_test,,80bTjaasFejbEkQynNFnyT,3wtAMqArHpjdihnAbf7tiM,vg_windows_local,1.477308917197452,2024-04-22 06:58:59.0,2024-04-22 07:02:30.0,WARNING,0.058611,2024-04-22 07:11:20.0,0
000QML0Z0000000001IQ,VGN_MSDCRM_Write_Mapping74_test,null,MTT_TEST,44,vihasitha_test,,80bTjaasFejbEkQynNFnyT,3wtAMqArHpjdihnAbf7tiM,vg_windows_local,0.92154915590864,2024-04-22 06:19:05.0,2024-04-22 06:23:29.0,WARNING,0.073333,2024-04-22 07:11:20.0,0
000QML0Z0000000001IQ,VGN_MSDCRM_Write_Mapping74_test,null,MTT_TEST,46,vihasitha_test,,80bTjaasFejbEkQynNFnyT,3wtAMqArHpjdihnAbf7tiM,vg_windows_local,1.210620170398256,2024-04-22 07:03:34.0,2024-04-22 07:06:25.0,WARNING,0.0475,2024-04-22 07:11:20.0,0
000QML0Z0000000001JU,Mapping175,null,MTT_TEST,1,ppenthoi,,80bTjaasFejbEkQynNFnyT,0Gv5s5lKGlEgO8WUuDsX2Y,INWPF3M1V35-AAD,0.0,2024-04-22 07:37:06.0,2024-04-22 07:37:32.0,SUCCESS,0.007222,2024-04-22 08:11:17.0,0
000QML0Z0000000001JT,Mapping_Aggregator,null,MTT_TEST,1,ppenthoi,,80bTjaasFejbEkQynNFnyT,0Gv5s5lKGlEgO8WUuDsX2Y,INWPF3M1V35-AAD,0.0,2024-04-22 07:25:23.0,2024-04-22 07:25:41.0,SUCCESS,0.005,2024-04-22 08:11:17.0,0
000QML0Z0000000001JV,Mapping210,null,MTT_TEST,1,ppenthoi,,80bTjaasFejbEkQynNFnyT,0Gv5s5lKGlEgO8WUuDsX2Y,INWPF3M1V35-AAD,0.0,2024-04-22 12:55:35.0,2024-04-22 12:55:53.0,WARNING,0.005,2024-04-22 13:11:34.0,0
000QML0Z0000000001JV,Mapping210,null,MTT_TEST,4,ppenthoi,,80bTjaasFejbEkQynNFnyT,0Gv5s5lKGlEgO8WUuDsX2Y,INWPF3M1V35-AAD,0.0,2024-04-22 13:13:12.0,2024-04-22 13:13:29.0,SUCCESS,0.004722,2024-04-22 14:11:21.0,0
000QML0Z0000000001JW,UpperCase_,null,MTT_TEST,1,ppenthoi,,80bTjaasFejbEkQynNFnyT,0Gv5s5lKGlEgO8WUuDsX2Y,INWPF3M1V35-AAD,0.0,2024-04-23 07:11:53.0,2024-04-23 07:12:11.0,SUCCESS,0.005,2024-04-23 08:11:22.0,0
000QML0Z0000000001IQ,VGN_MSDCRM_Write_Mapping74_test,null,MTT_TEST,48,vihasitha_test,,80bTjaasFejbEkQynNFnyT,3wtAMqArHpjdihnAbf7tiM,vg_windows_local,1.075153678366052,2024-04-24 05:05:21.0,2024-04-24 05:08:07.0,WARNING,0.046111,2024-04-24 05:11:25.0,0
000QML0Z0000000001IQ,VGN_MSDCRM_Write_Mapping74_test,null,MTT_TEST,47,vihasitha_test,,80bTjaasFejbEkQynNFnyT,3wtAMqArHpjdihnAbf7tiM,vg_windows_local,1.068582755203171,2024-04-24 04:49:40.0,2024-04-24 04:52:55.0,WARNING,0.054167,2024-04-24 05:11:25.0,0
000QML0Z0000000001JX,Mapping208,null,MTT_TEST,2,vihasitha_test,,80bTjaasFejbEkQynNFnyT,1QO6mK4AcQFdVOzuNNpsEH,vg-linux-vm.informatica.com,0.699580251848891,2024-04-24 10:37:35.0,2024-04-24 10:38:11.0,SUCCESS,0.01,2024-04-24 11:11:24.0,0
000QML0Z0000000001JX,Mapping208,null,MTT_TEST,3,vihasitha_test,,80bTjaasFejbEkQynNFnyT,1QO6mK4AcQFdVOzuNNpsEH,vg-linux-vm.informatica.com,0.611388611388611,2024-04-24 11:14:00.0,2024-04-24 11:15:04.0,SUCCESS,0.017778,2024-04-24 12:11:28.0,0
000QML0Z0000000001JY,Suswara_MT,null,MTT,2,vihasitha_test,,80bTjaasFejbEkQynNFnyT,1QO6mK4AcQFdVOzuNNpsEH,vg-linux-vm.informatica.com,0.579768092762895,2024-04-24 11:56:38.0,2024-04-24 11:57:30.0,SUCCESS,0.014444,2024-04-24 12:11:28.0,0
000QML0Z0000000001JY,Suswara_MT,null,MTT,3,vihasitha_test,,80bTjaasFejbEkQynNFnyT,1QO6mK4AcQFdVOzuNNpsEH,vg-linux-vm.informatica.com,0.583883223355329,2024-04-24 12:15:38.0,2024-04-24 12:17:01.0,ERROR,0.023056,2024-04-24 13:11:33.0,0
000QML0Z0000000001IQ,VGN_MSDCRM_Write_Mapping74_test,null,MTT_TEST,50,vihasitha_test,,80bTjaasFejbEkQynNFnyT,1QO6mK4AcQFdVOzuNNpsEH,vg-linux-vm.informatica.com,0.0,2024-04-26 09:33:04.0,2024-04-26 09:37:32.0,ERROR,0.074444,2024-04-26 10:11:32.0,0
000QML0Z0000000001IQ,VGN_MSDCRM_Write_Mapping74_test,null,MTT_TEST,49,vihasitha_test,,80bTjaasFejbEkQynNFnyT,1QO6mK4AcQFdVOzuNNpsEH,vg-linux-vm.informatica.com,0.0,2024-04-26 09:24:51.0,2024-04-26 09:28:58.0,ERROR,0.068611,2024-04-26 10:11:32.0,0
000QML0Z0000000001IQ,VGN_MSDCRM_Write_Mapping74_test,null,MTT_TEST,51,vihasitha_test,,80bTjaasFejbEkQynNFnyT,3wtAMqArHpjdihnAbf7tiM,vg_windows_local,1.859631949882537,2024-04-26 09:45:49.0,2024-04-26 09:51:35.0,WARNING,0.096111,2024-04-26 10:11:32.0,0
000QML0Z0000000001IQ,VGN_MSDCRM_Write_Mapping74_test,null,MTT_TEST,52,vihasitha_test,,80bTjaasFejbEkQynNFnyT,3wtAMqArHpjdihnAbf7tiM,vg_windows_local,0.0,2024-04-26 10:43:29.0,2024-04-26 10:46:12.0,SUCCESS,0.045278,2024-04-26 11:11:26.0,0
000QML0Z0000000001K0,Mapping211,null,MTT_TEST,3,ppenthoi,,80bTjaasFejbEkQynNFnyT,0Gv5s5lKGlEgO8WUuDsX2Y,INWPF3M1V35-AAD,0.0,2024-04-30 05:38:40.0,2024-04-30 05:38:54.0,SUCCESS,0.003889,2024-04-30 06:11:38.0,0
000QML0Z0000000001K0,Mapping211,null,MTT_TEST,1,ppenthoi,,80bTjaasFejbEkQynNFnyT,0Gv5s5lKGlEgO8WUuDsX2Y,INWPF3M1V35-AAD,0.0,2024-04-30 05:30:57.0,2024-04-30 05:31:17.0,SUCCESS,0.005556,2024-04-30 06:11:38.0,0
000QML0Z0000000001K0,Mapping211,null,MTT_TEST,2,ppenthoi,,80bTjaasFejbEkQynNFnyT,0Gv5s5lKGlEgO8WUuDsX2Y,INWPF3M1V35-AAD,0.0,2024-04-30 05:32:51.0,2024-04-30 05:33:03.0,ERROR,0.003333,2024-04-30 06:11:38.0,0
000QML0Z0000000001K0,Mapping211,null,MTT_TEST,4,ppenthoi,,80bTjaasFejbEkQynNFnyT,0Gv5s5lKGlEgO8WUuDsX2Y,INWPF3M1V35-AAD,0.0,2024-04-30 05:39:02.0,2024-04-30 05:39:13.0,ERROR,0.003056,2024-04-30 06:11:38.0,0
000QML0Z0000000001K0,Mapping211,null,MTT_TEST,6,ppenthoi,,80bTjaasFejbEkQynNFnyT,0Gv5s5lKGlEgO8WUuDsX2Y,INWPF3M1V35-AAD,0.0,2024-04-30 06:20:05.0,2024-04-30 06:20:18.0,SUCCESS,0.003611,2024-04-30 07:11:30.0,0
000QML0Z0000000001K0,Mapping211,null,MTT_TEST,5,ppenthoi,,80bTjaasFejbEkQynNFnyT,0Gv5s5lKGlEgO8WUuDsX2Y,INWPF3M1V35-AAD,0.0,2024-04-30 06:15:16.0,2024-04-30 06:15:28.0,SUCCESS,0.003333,2024-04-30 07:11:30.0,0
000QML0Z0000000001K0,Mapping211,null,MTT_TEST,8,ppenthoi,,80bTjaasFejbEkQynNFnyT,0Gv5s5lKGlEgO8WUuDsX2Y,INWPF3M1V35-AAD,0.0,2024-04-30 06:54:52.0,2024-04-30 06:55:05.0,SUCCESS,0.003611,2024-04-30 07:11:30.0,0
000QML0Z0000000001K0,Mapping211,null,MTT_TEST,7,ppenthoi,,80bTjaasFejbEkQynNFnyT,0Gv5s5lKGlEgO8WUuDsX2Y,INWPF3M1V35-AAD,0.0,2024-04-30 06:53:55.0,2024-04-30 06:54:06.0,ERROR,0.003056,2024-04-30 07:11:30.0,0
000QML0Z0000000001K0,Mapping211,null,MTT_TEST,10,ppenthoi,,80bTjaasFejbEkQynNFnyT,0Gv5s5lKGlEgO8WUuDsX2Y,INWPF3M1V35-AAD,0.0,2024-04-30 07:14:34.0,2024-04-30 07:14:49.0,SUCCESS,0.004167,2024-04-30 08:11:35.0,0
000QML0Z0000000001K0,Mapping211,null,MTT_TEST,9,ppenthoi,,80bTjaasFejbEkQynNFnyT,0Gv5s5lKGlEgO8WUuDsX2Y,INWPF3M1V35-AAD,0.0,2024-04-30 07:13:51.0,2024-04-30 07:14:02.0,ERROR,0.003056,2024-04-30 08:11:35.0,0
000QML0Z0000000001K1,MappingTask_Sleep,null,MTT,7,ppenthoi,,80bTjaasFejbEkQynNFnyT,0Gv5s5lKGlEgO8WUuDsX2Y,INWPF3M1V35-AAD,0.0,2024-04-30 13:30:41.0,2024-04-30 13:30:58.0,ERROR,0.004722,2024-04-30 14:11:27.0,0
000QML0Z0000000001K1,MappingTask_Sleep,null,MTT,4,ppenthoi,,80bTjaasFejbEkQynNFnyT,0Gv5s5lKGlEgO8WUuDsX2Y,INWPF3M1V35-AAD,0.0,2024-04-30 13:14:42.0,2024-04-30 13:15:03.0,ERROR,0.005833,2024-04-30 14:11:27.0,0
000QML0Z0000000001K1,MappingTask_Sleep,null,MTT,5,ppenthoi,,80bTjaasFejbEkQynNFnyT,0Gv5s5lKGlEgO8WUuDsX2Y,INWPF3M1V35-AAD,0.0,2024-04-30 13:16:51.0,2024-04-30 13:17:13.0,ERROR,0.006111,2024-04-30 14:11:27.0,0
000QML0Z0000000001K1,MappingTask_Sleep,null,MTT,6,ppenthoi,,80bTjaasFejbEkQynNFnyT,0Gv5s5lKGlEgO8WUuDsX2Y,INWPF3M1V35-AAD,0.0,2024-04-30 13:26:41.0,2024-04-30 13:26:53.0,ERROR,0.003333,2024-04-30 14:11:27.0,0
000QML0Z0000000001K1,MappingTask_Sleep,null,MTT,9,ppenthoi,,80bTjaasFejbEkQynNFnyT,0Gv5s5lKGlEgO8WUuDsX2Y,INWPF3M1V35-AAD,0.0,2024-04-30 14:26:44.0,2024-04-30 14:26:52.0,ERROR,0.002222,2024-04-30 15:11:21.0,0
000QML0Z0000000001K1,MappingTask_Sleep,null,MTT,10,ppenthoi,,80bTjaasFejbEkQynNFnyT,0Gv5s5lKGlEgO8WUuDsX2Y,INWPF3M1V35-AAD,0.0,2024-04-30 14:31:51.0,2024-04-30 14:32:10.0,ERROR,0.005278,2024-04-30 15:11:21.0,0
000QML0Z0000000001K1,MappingTask_Sleep,null,MTT,8,ppenthoi,,80bTjaasFejbEkQynNFnyT,0Gv5s5lKGlEgO8WUuDsX2Y,INWPF3M1V35-AAD,0.0,2024-04-30 14:24:23.0,2024-04-30 14:24:29.0,ERROR,0.001667,2024-04-30 15:11:21.0,0
000QML0Z0000000001JC,Map_Flat_File_Source_To_Target,null,MTT_TEST,7,ppenthoi,,80bTjaasFejbEkQynNFnyT,0Gv5s5lKGlEgO8WUuDsX2Y,INWPF3M1V35-AAD,0.0,2024-05-06 11:30:47.0,2024-05-06 11:31:14.0,SUCCESS,0.0075,2024-05-06 12:11:34.0,0
000QML0Z0000000001JC,Map_Flat_File_Source_To_Target,null,MTT_TEST,8,ppenthoi,,80bTjaasFejbEkQynNFnyT,0Gv5s5lKGlEgO8WUuDsX2Y,INWPF3M1V35-AAD,0.0,2024-05-07 14:12:23.0,2024-05-07 14:12:51.0,SUCCESS,0.007778,2024-05-07 15:11:39.0,0
000QML0Z0000000001K3,MCT_Dynamic_Src_Tgt - Copy 1,null,MTT,1,Test_DMT,Dynamic_New,80bTjaasFejbEkQynNFnyT,1QO6mK4AcQFdVOzuNNpsEH,vg-linux-vm.informatica.com,0.0,2024-05-09 02:53:16.0,2024-05-09 02:56:09.0,ERROR,0.048056,2024-05-09 03:11:35.0,0
000QML170000000001FF,MT_Dynamic_Src_Tgt,null,MAPPING,2,Test_DMT,Dynamic_New,80bTjaasFejbEkQynNFnyT,1QO6mK4AcQFdVOzuNNpsEH,vg-linux-vm.informatica.com,1.347461015593763,2024-05-09 02:25:58.0,2024-05-09 02:31:09.0,SUCCESS,0.086389,2024-05-09 03:11:35.0,0
000QML170000000001FF,MT_Dynamic_Src_Tgt,null,MAPPING,1,Test_DMT,Dynamic_New,80bTjaasFejbEkQynNFnyT,1QO6mK4AcQFdVOzuNNpsEH,vg-linux-vm.informatica.com,1.845570630486832,2024-05-09 02:16:29.0,2024-05-09 02:22:19.0,SUCCESS,0.097222,2024-05-09 03:11:35.0,0
000QML0Z0000000001K2,MCT_Dynamic_Task_MSD_365,null,MTT,1,Test_DMT,Dynamic_New,80bTjaasFejbEkQynNFnyT,1QO6mK4AcQFdVOzuNNpsEH,vg-linux-vm.informatica.com,1.046953046953047,2024-05-09 02:39:17.0,2024-05-09 02:42:17.0,SUCCESS,0.05,2024-05-09 03:11:35.0,0
000QML0Z0000000001K2,MCT_Dynamic_Task_MSD_365,null,MTT,2,Test_DMT,Dynamic_New,80bTjaasFejbEkQynNFnyT,1QO6mK4AcQFdVOzuNNpsEH,vg-linux-vm.informatica.com,1.92007992007992,2024-05-09 02:47:01.0,2024-05-09 02:47:28.0,SUCCESS,0.0075,2024-05-09 03:11:35.0,0
000QML0Z0000000001K3,MCT_Dynamic_Src_Tgt - Copy 1,null,MTT,3,Test_DMT,Dynamic_New,80bTjaasFejbEkQynNFnyT,1QO6mK4AcQFdVOzuNNpsEH,vg-linux-vm.informatica.com,0.973610555777689,2024-05-09 03:42:30.0,2024-05-09 03:42:58.0,SUCCESS,0.007778,2024-05-09 04:11:26.0,0
000QML0Z0000000001K3,MCT_Dynamic_Src_Tgt - Copy 1,null,MTT,2,Test_DMT,Dynamic_New,80bTjaasFejbEkQynNFnyT,1QO6mK4AcQFdVOzuNNpsEH,vg-linux-vm.informatica.com,1.513394642143143,2024-05-09 03:35:39.0,2024-05-09 03:38:40.0,SUCCESS,0.050278,2024-05-09 04:11:26.0,0
000QML0Z0000000001K3,MCT_Dynamic_Src_Tgt - Copy 1,null,MTT,5,Test_DMT,Dynamic_New,80bTjaasFejbEkQynNFnyT,1QO6mK4AcQFdVOzuNNpsEH,vg-linux-vm.informatica.com,0.0,2024-05-09 08:44:22.0,2024-05-09 08:44:42.0,SUCCESS,0.005556,2024-05-09 09:11:27.0,0
000QML0Z0000000001K3,MCT_Dynamic_Src_Tgt - Copy 1,null,MTT,4,Test_DMT,Dynamic_New,80bTjaasFejbEkQynNFnyT,1QO6mK4AcQFdVOzuNNpsEH,vg-linux-vm.informatica.com,0.0,2024-05-09 08:42:56.0,2024-05-09 08:43:43.0,SUCCESS,0.013056,2024-05-09 09:11:27.0,0
000QML0Z0000000001K3,MCT_Dynamic_Src_Tgt - Copy 1,null,MTT,15,Test_DMT,Dynamic_New,80bTjaasFejbEkQynNFnyT,1QO6mK4AcQFdVOzuNNpsEH,vg-linux-vm.informatica.com,0.0,2024-05-09 10:00:19.0,2024-05-09 10:00:56.0,SUCCESS,0.010278,2024-05-09 10:11:26.0,0
000QML0Z0000000001K3,MCT_Dynamic_Src_Tgt - Copy 1,null,MTT,9,Test_DMT,Dynamic_New,80bTjaasFejbEkQynNFnyT,1QO6mK4AcQFdVOzuNNpsEH,vg-linux-vm.informatica.com,0.0,2024-05-09 09:46:29.0,2024-05-09 09:47:02.0,SUCCESS,0.009167,2024-05-09 10:11:26.0,0
000QML0Z0000000001K3,MCT_Dynamic_Src_Tgt - Copy 1,null,MTT,10,Test_DMT,Dynamic_New,80bTjaasFejbEkQynNFnyT,1QO6mK4AcQFdVOzuNNpsEH,vg-linux-vm.informatica.com,0.0,2024-05-09 09:49:26.0,2024-05-09 09:49:48.0,ERROR,0.006111,2024-05-09 10:11:26.0,0
000QML0Z0000000001K3,MCT_Dynamic_Src_Tgt - Copy 1,null,MTT,17,Test_DMT,Dynamic_New,80bTjaasFejbEkQynNFnyT,1QO6mK4AcQFdVOzuNNpsEH,vg-linux-vm.informatica.com,0.0,2024-05-09 10:06:34.0,2024-05-09 10:07:06.0,SUCCESS,0.008889,2024-05-09 10:11:26.0,0
000QML0Z0000000001K3,MCT_Dynamic_Src_Tgt - Copy 1,null,MTT,12,Test_DMT,Dynamic_New,80bTjaasFejbEkQynNFnyT,1QO6mK4AcQFdVOzuNNpsEH,vg-linux-vm.informatica.com,0.0,2024-05-09 09:50:28.0,2024-05-09 09:50:43.0,SUCCESS,0.004167,2024-05-09 10:11:26.0,0
000QML0Z0000000001K3,MCT_Dynamic_Src_Tgt - Copy 1,null,MTT,8,Test_DMT,Dynamic_New,80bTjaasFejbEkQynNFnyT,1QO6mK4AcQFdVOzuNNpsEH,vg-linux-vm.informatica.com,0.0,2024-05-09 09:44:45.0,2024-05-09 09:45:30.0,ERROR,0.0125,2024-05-09 10:11:26.0,0
000QML0Z0000000001K3,MCT_Dynamic_Src_Tgt - Copy 1,null,MTT,16,Test_DMT,Dynamic_New,80bTjaasFejbEkQynNFnyT,1QO6mK4AcQFdVOzuNNpsEH,vg-linux-vm.informatica.com,0.0,2024-05-09 10:01:07.0,2024-05-09 10:01:23.0,SUCCESS,0.004444,2024-05-09 10:11:26.0,0
000QML0Z0000000001K3,MCT_Dynamic_Src_Tgt - Copy 1,null,MTT,6,Test_DMT,Dynamic_New,80bTjaasFejbEkQynNFnyT,1QO6mK4AcQFdVOzuNNpsEH,vg-linux-vm.informatica.com,0.0,2024-05-09 09:37:49.0,2024-05-09 09:38:46.0,SUCCESS,0.015833,2024-05-09 10:11:26.0,0
000QML0Z0000000001K3,MCT_Dynamic_Src_Tgt - Copy 1,null,MTT,11,Test_DMT,Dynamic_New,80bTjaasFejbEkQynNFnyT,1QO6mK4AcQFdVOzuNNpsEH,vg-linux-vm.informatica.com,0.0,2024-05-09 09:49:56.0,2024-05-09 09:50:09.0,SUCCESS,0.003611,2024-05-09 10:11:26.0,0
000QML0Z0000000001K3,MCT_Dynamic_Src_Tgt - Copy 1,null,MTT,13,Test_DMT,Dynamic_New,80bTjaasFejbEkQynNFnyT,1QO6mK4AcQFdVOzuNNpsEH,vg-linux-vm.informatica.com,0.0,2024-05-09 09:53:33.0,2024-05-09 09:54:07.0,SUCCESS,0.009444,2024-05-09 10:11:26.0,0
000QML0Z0000000001K3,MCT_Dynamic_Src_Tgt - Copy 1,null,MTT,14,Test_DMT,Dynamic_New,80bTjaasFejbEkQynNFnyT,1QO6mK4AcQFdVOzuNNpsEH,vg-linux-vm.informatica.com,0.0,2024-05-09 09:54:17.0,2024-05-09 09:54:31.0,SUCCESS,0.003889,2024-05-09 10:11:26.0,0
000QML0Z0000000001K3,MCT_Dynamic_Src_Tgt - Copy 1,null,MTT,7,Test_DMT,Dynamic_New,80bTjaasFejbEkQynNFnyT,1QO6mK4AcQFdVOzuNNpsEH,vg-linux-vm.informatica.com,0.0,2024-05-09 09:38:59.0,2024-05-09 09:39:30.0,SUCCESS,0.008611,2024-05-09 10:11:26.0,0
000QML0Z0000000001K4,Mapping_Test_VM,null,MTT_TEST,2,ppenthoi,,80bTjaasFejbEkQynNFnyT,lVmPRbEfsyClFMoVO5FDKz,invprabhu200301.informatica.com,0.0,2024-05-09 10:48:45.0,2024-05-09 10:49:02.0,ERROR,0.004722,2024-05-09 11:11:30.0,0
000QML0Z0000000001K4,Mapping_Test_VM,null,MTT_TEST,1,ppenthoi,,80bTjaasFejbEkQynNFnyT,lVmPRbEfsyClFMoVO5FDKz,invprabhu200301.informatica.com,0.0,2024-05-09 10:28:13.0,2024-05-09 10:28:28.0,ERROR,0.004167,2024-05-09 11:11:30.0,0
000QML0Z0000000001K4,Mapping_Test_VM,null,MTT_TEST,3,ppenthoi,,80bTjaasFejbEkQynNFnyT,lVmPRbEfsyClFMoVO5FDKz,invprabhu200301.informatica.com,0.0,2024-05-09 11:33:42.0,2024-05-09 11:34:02.0,SUCCESS,0.005556,2024-05-09 12:11:35.0,0
000QML170000000001FJ,VGN_MT_Dynamic_Src_Tgt,null,MAPPING,1,Test_DMT,,80bTjaasFejbEkQynNFnyT,1QO6mK4AcQFdVOzuNNpsEH,vg-linux-vm.informatica.com,1.807108626198083,2024-05-09 13:52:39.0,2024-05-09 13:58:06.0,SUCCESS,0.090833,2024-05-09 14:11:22.0,0
000QML170000000001FJ,VGN_MT_Dynamic_Src_Tgt,null,MAPPING,2,Test_DMT,,80bTjaasFejbEkQynNFnyT,1QO6mK4AcQFdVOzuNNpsEH,vg-linux-vm.informatica.com,1.770937437537478,2024-05-09 15:48:53.0,2024-05-09 15:54:35.0,SUCCESS,0.095,2024-05-09 16:11:32.0,0
000QML170000000001FJ,VGN_MT_Dynamic_Src_Tgt,null,MAPPING,6,Test_DMT,,80bTjaasFejbEkQynNFnyT,1QO6mK4AcQFdVOzuNNpsEH,vg-linux-vm.informatica.com,0.0,2024-05-09 17:05:19.0,2024-05-09 17:10:32.0,ERROR,0.086944,2024-05-09 17:11:39.0,0
000QML170000000001FJ,VGN_MT_Dynamic_Src_Tgt,null,MAPPING,5,Test_DMT,,80bTjaasFejbEkQynNFnyT,1QO6mK4AcQFdVOzuNNpsEH,vg-linux-vm.informatica.com,0.0,2024-05-09 16:53:16.0,2024-05-09 16:58:42.0,ERROR,0.090556,2024-05-09 17:11:39.0,0
000QML170000000001FJ,VGN_MT_Dynamic_Src_Tgt,null,MAPPING,8,Test_DMT,,80bTjaasFejbEkQynNFnyT,1QO6mK4AcQFdVOzuNNpsEH,vg-linux-vm.informatica.com,1.442557442557443,2024-05-09 17:24:12.0,2024-05-09 17:29:27.0,SUCCESS,0.0875,2024-05-09 18:11:36.0,0
000QML170000000001FJ,VGN_MT_Dynamic_Src_Tgt,null,MAPPING,7,Test_DMT,,80bTjaasFejbEkQynNFnyT,1QO6mK4AcQFdVOzuNNpsEH,vg-linux-vm.informatica.com,0.0,2024-05-09 17:15:00.0,2024-05-09 17:20:26.0,ERROR,0.090556,2024-05-09 18:11:36.0,0
000QML170000000001FJ,VGN_MT_Dynamic_Src_Tgt,null,MAPPING,9,Test_DMT,,80bTjaasFejbEkQynNFnyT,1QO6mK4AcQFdVOzuNNpsEH,vg-linux-vm.informatica.com,0.0,2024-05-09 17:30:55.0,2024-05-09 17:36:13.0,SUCCESS,0.088333,2024-05-09 18:11:36.0,0
000QML0Z0000000001K3,MCT_Dynamic_Src_Tgt - Copy 1,null,MTT,19,Test_DMT,Dynamic_New,80bTjaasFejbEkQynNFnyT,1QO6mK4AcQFdVOzuNNpsEH,vg-linux-vm.informatica.com,1.489404238304678,2024-05-10 02:29:09.0,2024-05-10 02:29:45.0,SUCCESS,0.01,2024-05-10 03:11:42.0,0
000QML0Z0000000001K3,MCT_Dynamic_Src_Tgt - Copy 1,null,MTT,20,Test_DMT,Dynamic_New,80bTjaasFejbEkQynNFnyT,1QO6mK4AcQFdVOzuNNpsEH,vg-linux-vm.informatica.com,0.0,2024-05-10 02:30:36.0,2024-05-10 02:30:52.0,SUCCESS,0.004444,2024-05-10 03:11:42.0,0
000QML170000000001FF,MT_Dynamic_Src_Tgt,,MAPPING,3,Test_DMT,Dynamic_New,80bTjaasFejbEkQynNFnyT,1QO6mK4AcQFdVOzuNNpsEH,vg-linux-vm.informatica.com,2.0131947221111557,2024-05-16 01:21:09.0,2024-05-16 01:26:54.0,SUCCESS,0.095833,2024-05-16 01:26:53.0,0
000QML170000000001FF,MT_Dynamic_Src_Tgt,,MAPPING,4,Test_DMT,Dynamic_New,80bTjaasFejbEkQynNFnyT,1QO6mK4AcQFdVOzuNNpsEH,vg-linux-vm.informatica.com,1.4217156568686262,2024-05-16 01:40:46.0,2024-05-16 01:46:04.0,SUCCESS,0.088333,2024-05-16 01:46:03.0,0
000QML0Z0000000001JC,Map_Flat_File_Source_To_Target,,MTT_TEST,9,ppenthoi,,80bTjaasFejbEkQynNFnyT,lVmPRbEfsyClFMoVO5FDKz,invprabhu200301.informatica.com,0.0,2024-05-17 11:38:48.0,2024-05-17 11:39:11.0,ERROR,0.006389,2024-05-17 11:39:11.0,0
000QML0Z0000000001JC,Map_Flat_File_Source_To_Target,,MTT_TEST,10,ppenthoi,,80bTjaasFejbEkQynNFnyT,0Gv5s5lKGlEgO8WUuDsX2Y,INWPF3M1V35-AAD,0.0,2024-05-17 11:39:37.0,2024-05-17 11:39:57.0,SUCCESS,0.005556,2024-05-17 11:39:56.0,0
000QML0Z0000000001K1,MappingTask_Sleep,,MTT,13,ppenthoi,,80bTjaasFejbEkQynNFnyT,lVmPRbEfsyClFMoVO5FDKz,invprabhu200301.informatica.com,0.0,2024-05-20 11:46:41.0,2024-05-20 11:46:50.0,ERROR,0.0025,2024-05-20 11:46:50.0,0
000QML0Z0000000001K1,MappingTask_Sleep,,MTT,14,ppenthoi,,80bTjaasFejbEkQynNFnyT,lVmPRbEfsyClFMoVO5FDKz,invprabhu200301.informatica.com,0.0,2024-05-20 11:51:54.0,2024-05-20 11:52:00.0,ERROR,0.001667,2024-05-20 11:51:59.0,0
000QML0Z0000000001K1,MappingTask_Sleep,,MTT,15,ppenthoi,,80bTjaasFejbEkQynNFnyT,lVmPRbEfsyClFMoVO5FDKz,invprabhu200301.informatica.com,0.0,2024-05-20 11:55:08.0,2024-05-20 11:55:15.0,ERROR,0.001944,2024-05-20 11:55:15.0,0
000QML0Z0000000001K1,MappingTask_Sleep,,MTT,16,ppenthoi,,80bTjaasFejbEkQynNFnyT,lVmPRbEfsyClFMoVO5FDKz,invprabhu200301.informatica.com,0.001999600079984003,2024-05-20 11:58:15.0,2024-05-20 11:59:31.0,SUCCESS,0.021111,2024-05-20 11:59:30.0,0
000QML0Z0000000001K1,MappingTask_Sleep,,MTT,17,ppenthoi,,80bTjaasFejbEkQynNFnyT,lVmPRbEfsyClFMoVO5FDKz,invprabhu200301.informatica.com,0.002,2024-05-20 12:05:15.0,2024-05-20 12:10:30.0,SUCCESS,0.0875,2024-05-20 12:10:30.0,0
000QML0Z0000000001K1,MappingTask_Sleep,,MTT,18,ppenthoi,,80bTjaasFejbEkQynNFnyT,lVmPRbEfsyClFMoVO5FDKz,invprabhu200301.informatica.com,0.001999600079984003,2024-05-20 12:10:56.0,2024-05-20 12:13:10.0,ERROR,0.037222,2024-05-20 12:13:10.0,0
000QML0Z0000000001K1,MappingTask_Sleep,,MTT,19,ppenthoi,,80bTjaasFejbEkQynNFnyT,lVmPRbEfsyClFMoVO5FDKz,invprabhu200301.informatica.com,0.001999600079984003,2024-05-20 12:13:11.0,2024-05-20 12:18:17.0,SUCCESS,0.085,2024-05-20 12:18:17.0,0
000QML0Z0000000001K1,MappingTask_Sleep,,MTT,20,ppenthoi,,80bTjaasFejbEkQynNFnyT,lVmPRbEfsyClFMoVO5FDKz,invprabhu200301.informatica.com,0.001999600079984003,2024-05-20 12:18:39.0,2024-05-20 12:23:45.0,SUCCESS,0.085,2024-05-20 12:23:45.0,0
000QML0Z0000000001K1,MappingTask_Sleep,,MTT,21,ppenthoi,,80bTjaasFejbEkQynNFnyT,lVmPRbEfsyClFMoVO5FDKz,invprabhu200301.informatica.com,0.003999200159968006,2024-05-20 12:23:56.0,2024-05-20 12:29:00.0,ERROR,0.084444,2024-05-20 12:29:00.0,0
000QML0Z0000000001K1,MappingTask_Sleep,,MTT,22,ppenthoi,,80bTjaasFejbEkQynNFnyT,lVmPRbEfsyClFMoVO5FDKz,invprabhu200301.informatica.com,0.001999600079984003,2024-05-20 12:41:51.0,2024-05-20 12:46:56.0,ERROR,0.084722,2024-05-20 12:46:55.0,0
000QML0Z0000000001K1,MappingTask_Sleep,,MTT,23,ppenthoi,,80bTjaasFejbEkQynNFnyT,lVmPRbEfsyClFMoVO5FDKz,invprabhu200301.informatica.com,0.003999200159968006,2024-05-21 05:23:33.0,2024-05-21 05:27:51.0,ERROR,0.071667,2024-05-21 05:27:50.0,0
000QML0Z0000000001K1,MappingTask_Sleep,,MTT,24,ppenthoi,,80bTjaasFejbEkQynNFnyT,lVmPRbEfsyClFMoVO5FDKz,invprabhu200301.informatica.com,0.001999600079984003,2024-05-21 05:27:57.0,2024-05-21 05:33:04.0,ERROR,0.085278,2024-05-21 05:33:04.0,0
000QML170000000001FJ,VGN_MT_Dynamic_Src_Tgt,,MAPPING,10,Test_DMT,,80bTjaasFejbEkQynNFnyT,1QO6mK4AcQFdVOzuNNpsEH,vg-linux-vm.informatica.com,1.4068745003996803,2024-05-22 08:36:47.0,2024-05-22 08:41:31.0,SUCCESS,0.078889,2024-05-22 08:41:31.0,0
000QML170000000001FF,MT_Dynamic_Src_Tgt,,MAPPING,5,Test_DMT,Dynamic_New,80bTjaasFejbEkQynNFnyT,1QO6mK4AcQFdVOzuNNpsEH,vg-linux-vm.informatica.com,1.2912252648410953,2024-05-22 08:38:18.0,2024-05-22 08:43:14.0,SUCCESS,0.082222,2024-05-22 08:43:14.0,0
000QML0Z0000000001K9,Mapping214,,MTT_TEST,1,ppenthoi,,80bTjaasFejbEkQynNFnyT,0Gv5s5lKGlEgO8WUuDsX2Y,INWPF3M1V35-AAD,1.1849124203821657,2024-05-22 08:45:04.0,2024-05-22 08:46:08.0,SUCCESS,0.017778,2024-05-22 08:46:07.0,0
000QML0Z0000000001K5,VGN_GCS_MappingTask,,MTT,2,Default,,80bTjaasFejbEkQynNFnyT,1QO6mK4AcQFdVOzuNNpsEH,vg-linux-vm.informatica.com,1.5916816636672666,2024-05-23 01:24:04.0,2024-05-23 04:44:08.0,ERROR,3.334444,2024-05-23 04:44:07.0,0
000QML0Z0000000001K5,VGN_GCS_MappingTask,,MTT,3,Default,,80bTjaasFejbEkQynNFnyT,1QO6mK4AcQFdVOzuNNpsEH,vg-linux-vm.informatica.com,1.6133546581367453,2024-05-23 04:54:35.0,2024-05-23 08:12:31.0,ERROR,3.298889,2024-05-23 08:12:30.0,0
000QML0Z0000000001K5,VGN_GCS_MappingTask,,MTT,4,Default,,80bTjaasFejbEkQynNFnyT,1QO6mK4AcQFdVOzuNNpsEH,vg-linux-vm.informatica.com,1.7236552689462108,2024-05-23 09:01:28.0,2024-05-23 12:16:59.0,ERROR,3.258611,2024-05-23 12:16:59.0,0
000QML0Z0000000001KA,Mapping215,,MTT_TEST,1,ppenthoi,,80bTjaasFejbEkQynNFnyT,lVmPRbEfsyClFMoVO5FDKz,invprabhu200301.informatica.com,0.0,2024-05-24 06:32:43.0,2024-05-24 06:32:56.0,WARNING,0.003611,2024-05-24 06:32:56.0,0
000QML0Z0000000001KA,Mapping215,,MTT_TEST,2,ppenthoi,,80bTjaasFejbEkQynNFnyT,lVmPRbEfsyClFMoVO5FDKz,invprabhu200301.informatica.com,0.0,2024-05-24 06:46:55.0,2024-05-24 06:47:10.0,WARNING,0.004167,2024-05-24 06:47:10.0,0
000QML0Z0000000001KA,Mapping215,,MTT_TEST,3,ppenthoi,,80bTjaasFejbEkQynNFnyT,lVmPRbEfsyClFMoVO5FDKz,invprabhu200301.informatica.com,0.0,2024-05-24 07:49:49.0,2024-05-24 07:50:02.0,WARNING,0.003611,2024-05-24 07:50:02.0,0
000QML0Z0000000001KA,Mapping215,,MTT_TEST,4,ppenthoi,,80bTjaasFejbEkQynNFnyT,lVmPRbEfsyClFMoVO5FDKz,invprabhu200301.informatica.com,0.0,2024-05-24 07:53:13.0,2024-05-24 07:53:27.0,WARNING,0.003889,2024-05-24 07:53:27.0,0
000QML0Z0000000001KB,MappingTask12,,MTT,1,Ramanuja,,80bTjaasFejbEkQynNFnyT,1ICkurTdk44eFS8SCRkGQf,JJ_Windows,0.0,2024-05-29 03:07:14.0,2024-05-29 03:07:38.0,SUCCESS,0.006667,2024-05-29 03:07:38.0,0
000QML0Z0000000001KB,MappingTask12,,MTT,2,Ramanuja,,80bTjaasFejbEkQynNFnyT,1ICkurTdk44eFS8SCRkGQf,JJ_Windows,0.0,2024-05-29 03:19:11.0,2024-05-29 03:19:30.0,SUCCESS,0.005278,2024-05-29 03:19:30.0,0
000QML0Z0000000001KD,taskflow_bpel_issue,,MTT,1,Ramanuja,,80bTjaasFejbEkQynNFnyT,1ICkurTdk44eFS8SCRkGQf,JJ_Windows,0.0,2024-05-31 07:02:27.0,2024-05-31 07:02:56.0,SUCCESS,0.008056,2024-05-31 07:02:56.0,0
000QML0Z0000000001KD,taskflow_bpel_issue,,MTT,2,Ramanuja,,80bTjaasFejbEkQynNFnyT,1ICkurTdk44eFS8SCRkGQf,JJ_Windows,0.0,2024-05-31 07:03:16.0,2024-05-31 07:03:28.0,SUCCESS,0.003333,2024-05-31 07:03:28.0,0
000QML0Z0000000001KD,taskflow_bpel_issue,,MTT,3,Ramanuja,,80bTjaasFejbEkQynNFnyT,1ICkurTdk44eFS8SCRkGQf,JJ_Windows,0.0,2024-05-31 07:03:35.0,2024-05-31 07:03:46.0,SUCCESS,0.003056,2024-05-31 07:03:46.0,0
000QML0Z0000000001IQ,VGN_MSDCRM_Write_Mapping74_test,,MTT_TEST,54,vihasitha_test,,80bTjaasFejbEkQynNFnyT,3wtAMqArHpjdihnAbf7tiM,vg_windows_local,1.542426645519429,2024-06-10 04:49:44.0,2024-06-10 04:53:14.0,WARNING,0.058333,2024-06-10 04:53:14.0,0
000QML0Z0000000001IQ,VGN_MSDCRM_Write_Mapping74_test,,MTT_TEST,55,vihasitha_test,,80bTjaasFejbEkQynNFnyT,3wtAMqArHpjdihnAbf7tiM,vg_windows_local,1.6675262844673675,2024-06-10 05:06:02.0,2024-06-10 05:09:43.0,WARNING,0.061389,2024-06-10 05:09:42.0,0
000QML0Z0000000001IQ,VGN_MSDCRM_Write_Mapping74_test,,MTT_TEST,58,vihasitha_test,,80bTjaasFejbEkQynNFnyT,3wtAMqArHpjdihnAbf7tiM,vg_windows_local,1.3736852550109149,2024-06-10 08:50:09.0,2024-06-10 08:56:24.0,WARNING,0.104167,2024-06-10 08:56:23.0,0
000QML0Z0000000001KE,VGN_FFtoFF_MappingTask,,MTT,1,vihasitha_test,,80bTjaasFejbEkQynNFnyT,1QO6mK4AcQFdVOzuNNpsEH,vg-linux-vm.informatica.com,0.0,2024-06-10 15:12:31.0,2024-06-10 15:12:50.0,SUCCESS,0.005278,2024-06-10 15:12:50.0,0
000QML0Z0000000001IQ,VGN_MSDCRM_Write_Mapping74_test,,MTT_TEST,59,vihasitha_test,,80bTjaasFejbEkQynNFnyT,3wtAMqArHpjdihnAbf7tiM,vg_windows_local,1.54733492442323,2024-06-11 07:00:39.0,2024-06-11 07:05:22.0,WARNING,0.078611,2024-06-11 07:05:22.0,0
000QML0Z0000000001IQ,VGN_MSDCRM_Write_Mapping74_test,,MTT_TEST,60,vihasitha_test,,80bTjaasFejbEkQynNFnyT,3wtAMqArHpjdihnAbf7tiM,vg_windows_local,1.4521497919556172,2024-06-11 09:21:05.0,2024-06-11 09:26:29.0,WARNING,0.09,2024-06-11 09:26:29.0,0
000QML0Z0000000001IQ,VGN_MSDCRM_Write_Mapping74_test,,MTT_TEST,61,vihasitha_test,,80bTjaasFejbEkQynNFnyT,3wtAMqArHpjdihnAbf7tiM,vg_windows_local,1.574011523941983,2024-06-11 09:40:20.0,2024-06-11 09:44:08.0,WARNING,0.063333,2024-06-11 09:44:08.0,0
